/*
SQLyog Community v12.2.4 (64 bit)
MySQL - 5.5.25 : Database - alaskachat
*********************************************************************
*/

/*!40101 SET NAMES utf8 */;

/*!40101 SET SQL_MODE=''*/;

/*!40014 SET @OLD_UNIQUE_CHECKS=@@UNIQUE_CHECKS, UNIQUE_CHECKS=0 */;
/*!40014 SET @OLD_FOREIGN_KEY_CHECKS=@@FOREIGN_KEY_CHECKS, FOREIGN_KEY_CHECKS=0 */;
/*!40101 SET @OLD_SQL_MODE=@@SQL_MODE, SQL_MODE='NO_AUTO_VALUE_ON_ZERO' */;
/*!40111 SET @OLD_SQL_NOTES=@@SQL_NOTES, SQL_NOTES=0 */;
CREATE DATABASE /*!32312 IF NOT EXISTS*/`alaskachat` /*!40100 DEFAULT CHARACTER SET utf8 */;

USE `alaskachat`;

/*Table structure for table `access_token` */

DROP TABLE IF EXISTS `access_token`;

CREATE TABLE `access_token` (
  `id` int(11) NOT NULL AUTO_INCREMENT,
  `access_token` varchar(100) NOT NULL,
  `expires_in` int(11) NOT NULL,
  `user_id` int(11) DEFAULT NULL,
  `date_created` datetime NOT NULL,
  `vk_id` int(11) NOT NULL,
  PRIMARY KEY (`id`)
) ENGINE=InnoDB AUTO_INCREMENT=124 DEFAULT CHARSET=utf8;

/*Data for the table `access_token` */

insert  into `access_token`(`id`,`access_token`,`expires_in`,`user_id`,`date_created`,`vk_id`) values 
(4,'0a877d9032188964e9b5190df22da6c6b50b1d48243b61ba3ca0d851ea9ec4baae2681ceb0e99d8240301',86400,NULL,'2018-02-11 23:15:59',16718732),
(5,'1b1913c5cf1a03264892863cb634112d9d54473ce5267c2e4f7a5b126f9aad7a32b99069eedbfbff29105',86398,NULL,'2018-02-12 23:05:11',16718732),
(6,'b423a75b38a6a6f1f01341e435f7935cfb653a8e17ebb6f34752f87820230b5da4bd82c672342a6d27bd5',86400,NULL,'2018-02-12 23:46:52',16718732),
(7,'ec882dc27680d6b48aac60169cdaa740606c6881a785d0a41acfe0d01c122a79ac17ed8eca0ee8d93dace',86399,NULL,'2018-02-15 22:31:07',16718732),
(8,'44c1a4e5f30163c4df298eb5a764f3be9f41c7f067dccdb72d26924b815f6835ccd91b466898d511294ee',86399,NULL,'2018-02-16 14:45:12',16718732),
(9,'c388d1e79f740dbdfe8536308dea98cf961c7c3913f368722f4cce86e035cbf695bd9098a2283dba96551',86400,NULL,'2018-02-17 12:03:07',16718732),
(10,'60053a6e3394b9447699743385802d67952f05271bd480c1088ad6f5e0bd2399f4c32c192873fb653ad30',86400,NULL,'2018-02-17 22:16:24',16718732),
(11,'19b2b828ffb99a284518a7fae65407149c486ead22c8acd8a062aa2b1513f885ca6791172de57f7495c1c',86400,NULL,'2018-02-19 21:27:47',16718732),
(12,'2a9ce47981dcbdecb62d950f13d122a028a15bfaa70dcc7cd4d3317d0a984858d92d3e81542c92e35db51',86400,NULL,'2018-02-20 01:14:47',16718732),
(13,'5ea5552f7baa231c9733ece7910b23603485d1b6e639583d881797ca1d1a0e4b68c3634bcdd6f3eafd7e9',86399,NULL,'2018-02-20 12:33:10',16718732),
(14,'bd1aca6174176e231d57228be2c499322070cb0247716188240a12dadc34d7b0364b2b982a76802f1127a',86400,NULL,'2018-02-21 19:45:24',16718732),
(15,'3ef7512602d88913189e3c772bd1b7209ead976cf636f6e3835dc90a0a7512928c7db5c8a024e0d121db3',86399,NULL,'2018-02-22 09:35:16',16718732),
(16,'e1542ad40837c07d499157b02b7c6bba88030eaf023825cca75e749c19b176f727422d68ea3d6994086fa',86399,NULL,'2018-02-26 11:58:20',16718732),
(17,'b81861876e965f71910310bd2ebfac6eb83a64a4750ae5c580b21a037c363d21570394a003dd1b5ba5849',86385,NULL,'2018-02-27 14:17:22',16718732),
(18,'79fa0372a9ab8d42d82e6ed251d29889047b2547bd6ecc6407b3edc3d6ae7b8edf5570d141c27f96235e6',86400,NULL,'2018-02-27 19:15:30',16718732),
(19,'3354855f67f14c15eb20e765e8e8a061520d3e13297a5ef4601d0d67514ce45513f70c51cdd7096862ddf',86400,NULL,'2018-02-28 22:15:50',16718732),
(20,'7027497e0c406cb5dcb460bd504dc06634294f3f341588c621422b75b2014c35cf14c73b0b38b2acf461e',86400,NULL,'2018-03-01 00:08:07',16718732),
(21,'3a9372f4ff0ef2b6f85aeba4980ddc6bc9dfa4a59e647e970eb92d05899f1435b2e510b8d5b1fffea0858',86398,NULL,'2018-03-01 13:16:22',16718732),
(22,'575ddd64f540262b09344ec047291467cc04b572920cf7f4e0c12da8f35b904a7d0c45341f80d5d94fe23',86399,NULL,'2018-03-02 11:58:04',16718732),
(23,'1157647d7b62cb4575f5c220de00e5ddfcad96965bffef64ffd031d179f58bc47b6bf785f7b8c02438834',86400,NULL,'2018-03-02 17:05:39',16718732),
(24,'c5cd04b0ff229bfeef004bb91957fb01243f4629a492764f42df30c1cb9e866bcb8150a95695a8da6870c',86399,NULL,'2018-03-04 13:15:21',16718732),
(25,'c84d579eace826412e6747d2e5e598972599d06bf929c091082c120439e8965a6f15fab3a67336e5ecf9e',86400,NULL,'2018-03-04 17:46:45',16718732),
(26,'f1e0a0ee0ff8b27d944f9b7ae12e1ffdf81d71758e87bce0283b99ada91ba77921d17dbd85b8b3f0c6ecb',86380,NULL,'2018-03-04 17:54:40',16718732),
(27,'69b78fd036782ada6468f019adf4032d7e295e0c23c97562903b33b15f4be5e162d01afde9df452db0736',86399,NULL,'2018-03-04 19:12:53',16718732),
(28,'7ff5bf9bc08a7477679c6df9ba0916a175669bc8b1befd4e15979c2c80efb0aa2eb5005e9115b09eb3b28',86400,NULL,'2018-03-06 12:49:29',16718732),
(29,'928023413b4e363a5ef6f5606be03d02febd7aae0ee780abf15e273651c92dff9e6276d1d8fbfd5446836',86399,NULL,'2018-03-07 22:12:23',16718732),
(30,'a7a320634edbd75140ae6ac83677aefc354a124a1154776f491ec4d8db6839c3a452ec379a840d2c62b3e',86399,NULL,'2018-03-08 11:59:19',16718732),
(31,'fa55dc84e0836c630b3ec4d3182cc1e043a069458b051f8fef167a0cbc2819bb67a2ee55461599a546635',86400,NULL,'2018-03-08 12:32:07',16718732),
(32,'acaf6efec14c60a4657ae0e93b14e3e58d669e1e9286955197b70098bcdfbba18ee475b3ad7cd0cfe2c3a',86400,NULL,'2018-03-08 13:18:08',16718732),
(33,'5cf41f76185cc71c7d2d732a8cf5ce76951c0781672a95ba47e0b2e29c6d631abf786f79bf38c53754f3b',86399,NULL,'2018-03-09 11:02:07',16718732),
(34,'10b6cbf7ceee636e15649b76a80e4b1af4be6ee0c966b88722b574dc4090e159bb3f535b003f83f004797',86399,NULL,'2018-03-11 13:22:38',16718732),
(35,'b3ac5c57d31463e5bdfcae950350af31255707d485510c30a6e6eba9124523cabf2457169d61135209898',86399,NULL,'2018-03-11 13:44:42',462993092),
(36,'214dcd46aaf1ac12b9b3493bfd1188928c2ad9ef33bbee21bb81309a62b4f7a03e73ce05ef2dae1d35ece',86400,NULL,'2018-03-11 13:59:02',16718732),
(37,'8550a5b77de883bfade3a85fa4990ee8af9b21c4829c207a8aef1a68b02509a2081d857ae0ac476df3968',86400,NULL,'2018-03-11 14:47:48',16718732),
(38,'945b43ddb613baf319c53ef20419713189843d8d1c3dc179569e9ecf864c3c08e368700cf59a522348bc8',86399,NULL,'2018-03-11 14:48:56',462993092),
(39,'6b28d429bb632ab7451f157417147e67af111ac113683027e65d7ee4bb5c011361990da661b27bc40b792',86399,NULL,'2018-03-11 17:34:46',16718732),
(40,'d8f88ac89b2880d65f00471b6406dc6e4dfdcd46a6dbdc52f6e87b09a91596aaf5fb9b20ce6a7a80487e7',86399,NULL,'2018-03-11 23:05:18',16718732),
(41,'1d83f7555a31a56ed71e41ac62384f3279dd3da420169567da6ed2b241b530a9c7ab2e16084c427b76fb7',86399,NULL,'2018-03-11 23:30:06',16718732),
(42,'1a0b8e495aff25a65179d1b1f617bfff9e6571396f837d4ddd593ccfb5c95d2259a9ab9919f442ab469f2',86386,NULL,'2018-03-11 23:45:34',16718732),
(43,'2de44141ba9927dbb0c9f1ccf5a0a814cc36dd8369dfbe62a6ba083dbec5ebd0f60b09163513530859e6f',86400,NULL,'2018-03-11 23:45:52',16718732),
(44,'509c815cfd9e6803a449bd47db29057ceef22732d5b0f59588fdc4dc502e143d712ae44ca2b2698ef7635',86399,NULL,'2018-03-12 15:57:44',16718732),
(45,'06faf1764ae0664df21d8126e9160f4cb03cb67797dfd95a2eae4f2a5d032cd5312f6aaa3244888f006df',86400,NULL,'2018-03-12 15:59:19',462993092),
(46,'1d5cbe1fffa0ed4062c26e0441e6a89ce707df47345087ae35fc2d5308a04aab4537029a7c5b43d800d8f',86399,NULL,'2018-03-12 16:00:26',462993092),
(47,'90649e0765b98ef830a6b42e4cab9805b89a4692b71fe9322c9ec08c636f94f919c7a044c937a75fba37b',86309,NULL,'2018-03-12 16:03:54',459670998),
(48,'97e185f89a1e758f2aaaaf7bce6e8d1e28c595611ec7e93cd9bc25860e83fd9e19a415e795b9cdf3d7a2e',86400,NULL,'2018-03-12 16:13:46',16718732),
(49,'fec0ffc0318414d12478309723021656c8469d11ab5800c0e1a89c0544896f74503811400872e482250ad',86390,NULL,'2018-03-13 08:00:29',462993092),
(50,'bb3da4fcfd4fee71a587498b6ddeb1c636296074b67ce45a395105ba3f7c5aff68f5d4b95cd8f4d7ead0c',86388,NULL,'2018-03-13 13:58:01',462993092),
(51,'c28e338acbbd34823234f8abc407c250def8a41d16a1c85e64e17993ee4e73c90338cb5f09dc7b4ee78d0',86400,NULL,'2018-03-13 14:46:52',16718732),
(52,'c993a12558ba4fa3d8c7fa00e8b7a855a9e4f6e6cea86722ec425b3811808ca7476b6a9c9fba236ffe25f',86400,NULL,'2018-03-13 14:59:00',462993092),
(53,'c49b90b36b977779a17bd1d4fbfc7665bc4498e906f2f46946f255d174ca4f0f4688ad41858f29de75fd3',86400,NULL,'2018-03-13 17:44:58',16718732),
(54,'98c0a0a93843cbc1a0b1e2e8294fe8037246813694d93314b0e5e38f580934a451ec01609ea5b0d8abd5c',86398,NULL,'2018-03-14 00:03:34',16718732),
(55,'09bc8b6b722d7e8f2faf564a27e41e5da63df2faf94f33094c885ef6b1c1213f688f7e28d56c76ee8fcac',86400,NULL,'2018-03-14 00:20:50',462993092),
(56,'0ec1a913294c151b54ac319604f31f70b962d4593daeebb0ee5b541359cbe478bfa64f956fe3d36c530e9',86400,NULL,'2018-03-14 00:31:22',462993092),
(57,'70ccc89e5071b83ecaa0e623411262192a7ded328396b0d25b9546596412224fac4d85da890e0db5f3059',86400,NULL,'2018-03-14 13:59:55',16718732),
(58,'d34ce80bbbcbd637079980a6f9f1d2fe850f0780be58e93d85e1d62925acc6fee6d9c249c94fc22865ffd',86400,NULL,'2018-03-14 15:31:58',16718732),
(59,'74861a2a1524f3387963171f996d7ab445ecd15645a655ef1ec6851f0d08b63d99a99115ce0e7688d54f3',86400,NULL,'2018-03-14 23:32:15',16718732),
(60,'8e0855840a8f57b361d952634210272ce63fc46e2ea6bf03f163b5504b456aa932239ba499e5edc2007dd',86399,NULL,'2018-03-14 23:45:28',462993092),
(61,'90cfc790bd43b7d93a59c6d46391009c0b2702dee45e7308c9c82c40571ef23df434b1e58a713fd15c920',86399,NULL,'2018-03-15 02:06:32',16718732),
(62,'2ecedec0f2fd410ef05b306bc37d2d7445d4a948214bd0692cb0506d8bcc784dc9b9f5bd9be86ffe92129',86399,NULL,'2018-03-15 02:44:03',16718732),
(63,'c74eec30d8151ff0cb26b41c9f6caebe18c4b63c5e097d528e1ee35f87c187060b652f37455a9fbaf2c75',86400,NULL,'2018-03-15 03:02:01',462993092),
(64,'4b10d309e01828f2103450e0c4ba942700f10f26c9fd5b262d8912f3417a7a6a3e31f7db7ed69d49d6574',86400,NULL,'2018-03-15 03:06:53',462993092),
(65,'d094434bd900cb4930706ac4b0314a8bef47e2fae660b8d3dcdfc8872b9da70b2a829a717062acfe8f5fa',86399,NULL,'2018-03-15 03:09:10',462993092),
(66,'b34e3321ea7bbc20ea5f45afc7504033f3e9ca0e373eddc87dba3e284924a380a4ac54dcf229f08d7b29a',86399,NULL,'2018-03-15 03:09:24',462993092),
(67,'8f6f9ad929e443b284bd61e3df9346e4b7dd785a4c8b8683a3a01657ae525641d530790aadacd488fed66',86400,NULL,'2018-03-15 03:10:55',16718732),
(68,'4257c7519becad8f0a4a49d785dcdbdae3ba7548c0f3e2bf8279519ec93339b83d4f1310b0310e62a331d',86400,NULL,'2018-03-15 03:11:12',16718732),
(69,'e07d7a75d5424a4d5b20626ea86ed11234bf211c1cf5fe2b50c8f54b8b980782ad76043e5e344fb7a1e8e',86400,NULL,'2018-03-15 03:11:26',462993092),
(70,'afb0e9800aeb48cd32ff9c9e8b12920b8b93ae2c1748a8cc06cc1e9de6d78078b858d8d74e5f6f472b95e',86400,NULL,'2018-03-15 03:12:02',462993092),
(71,'508fff2112610a1e8913a614426bbd8c33ed59a8699b87902d113f0246e6f1ec8dd0b159b912389521688',86400,NULL,'2018-03-15 03:12:19',462993092),
(72,'0ff57029724e055a9c04c3725e769533d27295a1cc188cecd6e5a0ea27c9269ecc0dab63fc2bbd6c2d911',86399,NULL,'2018-03-15 14:55:18',16718732),
(73,'39850e63686e97b7e71d8ca397728b3fbeb0fd62f8efa9902b7e722993d7a8e226fed4a78161342c16173',86400,NULL,'2018-03-15 14:55:30',16718732),
(74,'a9e7d8b3f2dff317ade71e91069e9e1d3708f6f5612afd8e1e17392da00a149ad249f8510ac209b1e1a64',86400,NULL,'2018-03-15 14:57:52',462993092),
(75,'45731c0633d2ac9aa85ffa0a0ced254b01b2b0c4e1903370929e2ca380e439051ca04d6efa45498dd5a20',86399,NULL,'2018-03-15 14:58:56',462993092),
(76,'8dfad2dcd81dc4078716f3821744efff1afd2ea2ee92c4d1b5c9d98bdaa3ee1bd2f4b58dd49ca83f0adbc',86399,NULL,'2018-03-15 14:59:49',462993092),
(77,'db277c654242ce59e8806bb47580e8e80eb04d17589833329f42376dd4d0e1edc1c782bbdf99cae95c671',86364,NULL,'2018-03-15 20:17:51',16718732),
(78,'61913fcf4d7855d6317a69c44dd9206cb191b90862d883830aa3e0374753781bb2d8570c18a292e1f6765',86400,NULL,'2018-03-15 20:19:33',462993092),
(79,'e19c1278024982541d2d3cd779f242e6d38892d9dc909a0f2941fe47108ab8103b8665644dbd6a3de430c',86399,NULL,'2018-03-16 19:29:17',16718732),
(80,'f7c16f1456fd468fb07ea3aae903263daf2c75b347bb6334cf7e1fb8291b040307b4239c42bebc87f410a',86400,NULL,'2018-03-16 19:34:26',16718732),
(81,'71248a61f5121e8839b2cc8c5067613bc9324102176a9ce763da95de74c0de8d7eeab21acc9bff858553c',86399,NULL,'2018-03-16 19:43:05',16718732),
(82,'a1dbf2953f168bbd9fdd937a836d57e9d5e43b290df8900d39354e03e3032db710789f7fb2463412bffe8',86400,NULL,'2018-03-16 20:25:57',16718732),
(83,'ef3026682d8dc859cbdb2e1c7ffd47f18e340242eefc1e22e7e72c8b45ae996906b7c21fe94a7a6031935',86400,NULL,'2018-03-16 20:49:52',16718732),
(84,'3bd5db745629bf6c1add44ddebfb9431cdd24364f24f515f276a02c6cb841a0b38ec7222509d12fe69e81',86399,NULL,'2018-03-16 23:04:11',16718732),
(85,'37c5b4c11f1b6620b7a1ab4e2bc4b131caaa8568b95b8dab295f79882e59e35b763645859449a65129548',86400,NULL,'2018-03-16 23:10:30',16718732),
(86,'661354ca9f03fc1d9b8362c7989377f44a0928ff1ae384c80f43957344f67a49684807c50541cf8b6770b',86399,NULL,'2018-03-16 23:11:33',16718732),
(87,'10cd12758eba91ca67f8ac62bcff0c13a99caa79d30ec4d83f329225b5eadc96fc6cbd0a7679848e435d2',86399,NULL,'2018-03-16 23:19:59',16718732),
(88,'b24c752152196c024949d7814a5a0b76106648508fc89eaece7fdca2f4845bd05f1d25f92131e1491f147',86400,NULL,'2018-03-16 23:42:55',16718732),
(89,'c6faa0c7f34a14b8e5b7a7f882f7e9f335fd866cb926cfb42077f922f67ed36de25fcc7533b0a07f6e0f3',86400,NULL,'2018-03-16 23:42:59',16718732),
(90,'4668d35fe2d288d8c9c77871db7bd4c3b7af93e23d819fd02bcb105a580ab5b8b0b4102cb0c55e3251e4f',86400,NULL,'2018-03-16 23:47:30',16718732),
(91,'9109d64f40fe835bbb47430f0a42f5f588a951f48de275871a51e6d25a6e2414ea47318fa3be958514797',86399,NULL,'2018-03-17 00:36:43',16718732),
(92,'7911e8c3bc47d22f424d252594b082d5a2d5b8604c56be0cf9c8f1e9f2a75c0a0ea61a8d7fb8b5a30ede0',86400,NULL,'2018-03-17 00:36:54',16718732),
(93,'7d0c36db34465901c6b9a821c8a2fc8a81902d60c20d2321c1237556fc6113ecef516d88a5873bfbd7340',86400,NULL,'2018-03-17 00:38:36',16718732),
(94,'c12f0ce7053e57ec5fb7f020e1e3d8bf1ad17ef2216c23916b15646f55949c56c525f574f7329e8f8376f',86399,NULL,'2018-03-17 00:38:39',16718732),
(95,'a58e3bcd7bd10d7aa31af838a46013fa3cb8d34afb7fc61fe88fb5f4f3b8dbd78946135133c6f30e2b458',86400,NULL,'2018-03-17 00:39:31',16718732),
(96,'962f16a8cabfe409dfd77b06239fc909d94117e25b7adf68ee4e2de8604df8d3dcd0855a12fcad49501d0',86400,NULL,'2018-03-17 00:39:34',16718732),
(97,'6308298a24969768d25797a74e8e0ba1c7ebb51c9a4eed0e882e51cb1848af8dfa1514e5effab9367ab76',86400,NULL,'2018-03-17 00:40:36',462993092),
(98,'fe0b0a6f04477bb44db5199161f63f15f1f26f939bcefbc5fd52c1921eb7e32426828ff0fd73b9a3de576',86400,NULL,'2018-03-17 01:12:43',16718732),
(99,'491be0220ba8babc489af03154e196001e7dd592025fef13ec8671ec718525ddc72fcaf9ce57689a90e86',86399,NULL,'2018-03-17 02:49:45',16718732),
(100,'6abbd775693788b1d15f669402fbd7ab1b1aea4850b7b703a2b2d39ba2ff120e4b9857a06bcfb1a54f9f7',86399,NULL,'2018-03-18 14:31:41',16718732),
(101,'cf2a8c19ca7aa9cba9bf54b54ae79f3dbe88a8f280730dad7d6f11289e6d814a3aa4a26322059c0aca33c',86400,NULL,'2018-03-18 15:33:42',462993092),
(102,'786670a6adaa0966c65bd28f53350b7dfc0d33b75525d3c8dafe9ab139927db3091ebbadddd832070269e',86399,NULL,'2018-03-18 23:32:58',16718732),
(103,'55ba66ae1d861a555e88ca7bc80b423c0028a0de82cd6e459acee4c58eb441a05d3202f29a8b61d43817b',86400,NULL,'2018-03-19 14:36:03',16718732),
(104,'bf3b831de330329e875b0e9cc37ceb7c1060ea8ac5b35d3f26c60333184b550dd2e6e97179a50e712f78c',86400,NULL,'2018-03-19 15:01:31',462993092),
(105,'37d705e1068cf5d738dfd424ac8c128641ff92a78030eaf34eb0ff2a61efcfce2e8bcf8dc5f5926125ec6',86400,NULL,'2018-03-19 17:47:25',16718732),
(106,'c08f111e2b1639100625d3a5ee94360c588cfbddcd6a41e57b6357ddf00868a1f94357fa32b980acf123b',86400,NULL,'2018-03-19 18:20:54',16718732),
(107,'c2e2a8238271a35b8ca216bb05e8d88c7070c7a86b43bb400c4aaae1357109e9b3672a7952eff1aca2086',86400,NULL,'2018-03-19 18:23:19',16718732),
(108,'4b294fce17651c1b6c83279401a405178139362b6999f789bff76079206c2a731646ad7d102c2ff99f654',86399,NULL,'2018-03-19 19:29:48',462993092),
(109,'62185ba629bdaed98bac92a07870ffc8386e17a07b162ecd806d96fcf4cc724a101772aa245ea0c7a5c2c',86399,NULL,'2018-03-20 16:02:44',16718732),
(110,'855a17a51f993099cba2e54bf5525ac1c5a0c40eb04792734b39a35a7a9f1a721f3a78e24f478283d7c8f',86400,NULL,'2018-03-20 16:03:48',462993092),
(111,'5a5a5607f35769ebb2fe58d38f7b19fd0add98b80703dba42518a9b98dbdfd7df87d2da384f49e4687e1a',86399,NULL,'2018-03-20 16:08:22',462993092),
(112,'332ad6eab3b43042e85b0c2f656c8a95f510d9c9e2274e64b5b89c7cecb226f226f37546d6a1367e92691',86400,NULL,'2018-03-20 18:11:21',16718732),
(113,'85467258403f2dd851b10ba7d1b9929de73e1b1b46a83da94a31b7899681b09bce1683d4b04ac4f373cac',86400,NULL,'2018-03-20 22:27:00',462993092),
(114,'5cae6c33662ff19ae231eb03605fd41f3d71e4b96b710519e20b77564b5bb4c7cc0e1124c90696fb6f170',86396,NULL,'2018-03-21 11:38:19',16718732),
(115,'c3973165937e0338c094c5098600c85165c05721975bf699c5fd1b42127356a3ce94120f15dbd66a5ac30',86400,NULL,'2018-03-21 11:40:38',462993092),
(116,'8f68c484fcb9d20643f9dbf95e15f02a4ea786b9df60fd85f589e78b37df145b4bbafa5b92837c9ba4e70',86399,NULL,'2018-03-21 12:23:08',16718732),
(117,'3dbf93bad93df36dc6dfbba779f94b596e072b090038ab76073d34d4b7c52232f71cc199369b7e0e37d8c',86400,NULL,'2018-03-21 12:37:18',462993092),
(118,'cff5012652a873e7a82dee8ef5fd60dac815be808d072bae269cb5a8ff7d09610d439a2b0ce2f1b15335a',86400,NULL,'2018-03-21 13:35:14',462993092),
(119,'6b73db9fddd0e844c4871e73b8f3210ab0b0d06f764a7d7e39e225d631657fa366f179cced149eb032a5c',86400,NULL,'2018-03-21 13:54:25',462993092),
(120,'236cbbd72534b11c834e85d3ce99ce3054b1e73123a0615fdae3e842d95156c91ddd16074bfbbdf4347cd',86399,NULL,'2018-03-21 22:55:11',16718732),
(121,'1bf184971adf7ab56ac47bb8269839efca438a5ba1933357f04cfa059e258ae9967b8ccd8146938f709b9',86399,NULL,'2018-03-21 23:33:18',462993092),
(122,'7188a66ac9cfecb92726f569484942a2ae47d93f78ee5212caad45db8184edd3ce193df854ab3e43a5889',86400,NULL,'2018-03-21 23:38:30',462993092),
(123,'5bde8aaa417879a84d3a11dc662cf20441ebe0bde0b5d5a6fd4a36b4a3376adbf42caf0fa0780feb037ff',86400,NULL,'2018-03-22 01:06:22',462993092);

/*Table structure for table `chat` */

DROP TABLE IF EXISTS `chat`;

CREATE TABLE `chat` (
  `id` int(11) NOT NULL AUTO_INCREMENT,
  `name` varchar(100) NOT NULL,
  `status` enum('pending','started','finished') NOT NULL DEFAULT 'pending',
  `relative_link` varchar(100) NOT NULL,
  `start_time` datetime NOT NULL,
  `date_created` datetime NOT NULL,
  `date_updated` datetime NOT NULL,
  `owner_id` int(11) NOT NULL COMMENT 'Ссылка на человека, который создал чат. Будем называть его Owner''ом или Админом чата',
  PRIMARY KEY (`id`)
) ENGINE=InnoDB AUTO_INCREMENT=8 DEFAULT CHARSET=utf8;

/*Data for the table `chat` */

insert  into `chat`(`id`,`name`,`status`,`relative_link`,`start_time`,`date_created`,`date_updated`,`owner_id`) values 
(3,'Новый чат','finished','new','2018-03-17 14:30:03','2018-03-14 23:35:03','2018-03-21 13:59:06',2),
(4,'Лучшие бары в Нью-Рено! (бар-чат)','finished','bar','2018-03-22 00:40:15','2018-03-15 20:18:15','2018-03-21 13:59:06',3),
(5,'Чат про все гнусное (Фу-чат)','finished','foo','2018-03-21 13:46:47','2018-03-16 19:29:47','2018-03-21 13:59:06',2),
(6,'Отличный великолепный чат','finished','good','2018-03-17 20:13:20','2018-03-16 20:13:26','2018-03-21 13:59:06',3),
(7,'Приветственный чатик','finished','hello','2018-03-17 02:58:26','2018-03-16 23:48:26','2018-03-21 13:59:06',2);

/*Table structure for table `message` */

DROP TABLE IF EXISTS `message`;

CREATE TABLE `message` (
  `id` int(11) NOT NULL AUTO_INCREMENT,
  `body` varchar(1000) NOT NULL,
  `date_created` datetime NOT NULL,
  `date_updated` datetime NOT NULL,
  `user_id` int(11) NOT NULL,
  `chat_id` int(11) NOT NULL,
  `service_flag` int(1) NOT NULL DEFAULT '0' COMMENT '0 - обычное сообщение; 1 - пользователь вошел в чат; 2 - пользователь забанен',
  `attach` text COMMENT 'Вложение (картинка в формате DataUrl)',
  PRIMARY KEY (`id`)
) ENGINE=InnoDB DEFAULT CHARSET=utf8;

/*Data for the table `message` */

/*Table structure for table `session` */

DROP TABLE IF EXISTS `session`;

CREATE TABLE `session` (
  `token` varchar(32) NOT NULL,
  `user_id` int(11) NOT NULL,
  PRIMARY KEY (`token`)
) ENGINE=InnoDB DEFAULT CHARSET=utf8;

/*Data for the table `session` */

insert  into `session`(`token`,`user_id`) values 
('0O91AfKlM8KX6H74pGhZvpsU6i0Y3Ij8',3),
('10owYWbT8SMVupnfsztX4XtVUWQ6qnpq',3),
('2Y1UK2TfTr7Yu4Dal9GGfKjPAwTmjSFc',3),
('3m1Xej0VRXWUyW3WCebhrHNLLwe9CuuT',3),
('6T86fQB4SQ2DC3s0hPjvnPMzYO8SMDnz',2),
('CnKN5S9CEzIAyYvInt5MECIJdF35SDuD',3),
('D4JJXOfjKIMPuVSYjfuXN7MIONIkUIeh',3),
('dhhMUABg1g4hCqWd7Bb91iaPvRdTy0WV',3),
('dXFUsJcKh7RbBrkHVjvpR23h53JPXM8I',3),
('g45PhYLQOTrjY7aJydSP1AyW3mveX50o',2),
('hepdmbFMx81yVtyd1YlegJW5LZa21445',3),
('Hf0voskiQVUH7u9HGQaKMyFK0kNDruma',3),
('oMB12tTtgAAzgfTerj6qsdlYFFgUM1T7',3),
('p52QCgyUBMii1hExFn11nTeDUr77TxZw',3),
('s25WOLArmvd8Eb7qPAI6iJxBDqhvPmhX',2),
('vv2cOTHGEoFUNM54aTDw7IAcBNHKTSA1',2),
('xu6SLnG473zwPkGWJqFkV7guBRfcB5ZH',2),
('YshWTS5R7Y993wcYK19qDiieUvAoNeNk',3),
('ZWkaquHArc2li25pcIrK9Nz4nVUCB72O',2);

/*Table structure for table `subscribe` */

DROP TABLE IF EXISTS `subscribe`;

CREATE TABLE `subscribe` (
  `id` int(10) NOT NULL AUTO_INCREMENT,
  `user_email` varchar(200) DEFAULT NULL,
  `chat_id` int(11) NOT NULL,
  `user_id` int(11) DEFAULT NULL,
  `date_created` datetime NOT NULL,
  PRIMARY KEY (`id`)
) ENGINE=InnoDB AUTO_INCREMENT=9 DEFAULT CHARSET=utf8;

/*Data for the table `subscribe` */

insert  into `subscribe`(`id`,`user_email`,`chat_id`,`user_id`,`date_created`) values 
(3,'test@mail.ru',3,NULL,'2018-03-15 01:20:22'),
(5,'new@mail.ru',3,NULL,'2018-03-15 01:23:04'),
(6,'mail@mail.ru',3,NULL,'2018-03-15 14:56:39'),
(7,'kirillmybox@rambler.ru',3,2,'2018-03-16 20:12:15'),
(8,'kirillmybox@rambler.ru',6,2,'0000-00-00 00:00:00');

/*Table structure for table `user` */

DROP TABLE IF EXISTS `user`;

CREATE TABLE `user` (
  `id` int(11) NOT NULL AUTO_INCREMENT,
  `first_name` varchar(100) NOT NULL,
  `last_name` varchar(100) NOT NULL,
  `nickname` varchar(30) NOT NULL,
  `avatar` varchar(200) NOT NULL DEFAULT '/images/photo.jpg',
  `vk_id` int(11) NOT NULL,
  `date_register` datetime NOT NULL,
  PRIMARY KEY (`id`)
) ENGINE=InnoDB AUTO_INCREMENT=5 DEFAULT CHARSET=utf8;

/*Data for the table `user` */

insert  into `user`(`id`,`first_name`,`last_name`,`nickname`,`avatar`,`vk_id`,`date_register`) values 
(-2,'Дейнерис','Таргариен','daenerys','/images/photo.jpg',-2,'2018-03-07 19:40:09'),
(-1,'Джон','Сноу','johnsnow','/images/photo.jpg',-1,'2018-03-07 22:36:06'),
(2,'Кирилл','Владыкин','wildcat','/images/uploads/user_2/1521030389366.jpg',16718732,'2018-02-11 23:15:59'),
(3,'Ольга','Владыкина','Olga','/images/uploads/user_3/1521115201804.jpg',462993092,'2018-03-11 13:44:43'),
(4,'Вячеслав','Владыкин','Slava','/images/photo.jpg',459670998,'2018-03-12 16:03:54');

/*Table structure for table `v_user` */

DROP TABLE IF EXISTS `v_user`;

/*!50001 DROP VIEW IF EXISTS `v_user` */;
/*!50001 DROP TABLE IF EXISTS `v_user` */;

/*!50001 CREATE TABLE  `v_user`(
 `user_id` int(11) ,
 `user_first_name` varchar(100) ,
 `user_last_name` varchar(100) ,
 `user_avatar` varchar(200) ,
 `user_nickname` varchar(30) 
)*/;

/*View structure for view v_user */

/*!50001 DROP TABLE IF EXISTS `v_user` */;
/*!50001 DROP VIEW IF EXISTS `v_user` */;

/*!50001 CREATE ALGORITHM=UNDEFINED DEFINER=`root`@`localhost` SQL SECURITY DEFINER VIEW `v_user` AS (select `user`.`id` AS `user_id`,`user`.`first_name` AS `user_first_name`,`user`.`last_name` AS `user_last_name`,`user`.`avatar` AS `user_avatar`,`user`.`nickname` AS `user_nickname` from `user`) */;

/*!40101 SET SQL_MODE=@OLD_SQL_MODE */;
/*!40014 SET FOREIGN_KEY_CHECKS=@OLD_FOREIGN_KEY_CHECKS */;
/*!40014 SET UNIQUE_CHECKS=@OLD_UNIQUE_CHECKS */;
/*!40111 SET SQL_NOTES=@OLD_SQL_NOTES */;
